email,password
aaron.churchill@verifiedverse.com,Password123@
adriana.kerns@verifiedverse.com,Password123@
aida.graves@verifiedverse.com,Password123@
albert.holder@verifiedverse.com,Password123@
alberto.miller@verifiedverse.com,Password123@
aldo.metzger@verifiedverse.com,Password123@
alex.coffey@verifiedverse.com,Password123@
alfredo.wood@verifiedverse.com,Password123@
alice.barnes@verifiedverse.com,Password123@
alice.justice@verifiedverse.com,Password123@
allan.vasquez@verifiedverse.com,Password123@
alvin.elston@verifiedverse.com,Password123@
ammie.holmes@verifiedverse.com,Password123@
andrea.gann@verifiedverse.com,Password123@
andrew.jackson@verifiedverse.com,Password123@
andrew.valdez@verifiedverse.com,Password123@
andrew.steinberg@verifiedverse.com,Password123@
angela.kelly@verifiedverse.com,Password123@
angela.bell@verifiedverse.com,Password123@
angie.steven@verifiedverse.com,Password123@
anna.jensen@verifiedverse.com,Password123@
anna.reid@verifiedverse.com,Password123@
annie.rivas@verifiedverse.com,Password123@
anthony.woody@verifiedverse.com,Password123@
anthony.holley@verifiedverse.com,Password123@
anthony.ross@verifiedverse.com,Password123@
antone.levine@verifiedverse.com,Password123@
antonia.garcia@verifiedverse.com,Password123@
archie.schneider@verifiedverse.com,Password123@
arnold.chandler@verifiedverse.com,Password123@
arthur.peralta@verifiedverse.com,Password123@
barbara.lutz@verifiedverse.com,Password123@
beatrice.craven@verifiedverse.com,Password123@
belle.horn@verifiedverse.com,Password123@
ben.helms@verifiedverse.com,Password123@
bernard.byrd@verifiedverse.com,Password123@
bernice.hill@verifiedverse.com,Password123@
bernice.kramer@verifiedverse.com,Password123@
bertha.teague@verifiedverse.com,Password123@
betty.goings@verifiedverse.com,Password123@
betty.guess@verifiedverse.com,Password123@
billy.keyes@verifiedverse.com,Password123@
billy.lance@verifiedverse.com,Password123@
bob.ingram@verifiedverse.com,Password123@
bobby.green@verifiedverse.com,Password123@
bobbye.kostka@verifiedverse.com,Password123@
brandon.west@verifiedverse.com,Password123@
brenda.samuelson@verifiedverse.com,Password123@
brian.rittenhouse@verifiedverse.com,Password123@
brian.powers@verifiedverse.com,Password123@
bridgett.miller@verifiedverse.com,Password123@
bridgett.michael@verifiedverse.com,Password123@
bruce.donley@verifiedverse.com,Password123@
bryan.brick@verifiedverse.com,Password123@
bryan.chitty@verifiedverse.com,Password123@
carl.ross@verifiedverse.com,Password123@
carl.simmons@verifiedverse.com,Password123@
carl.taormina@verifiedverse.com,Password123@
carlos.henson@verifiedverse.com,Password123@
carlos.good@verifiedverse.com,Password123@
carol.hamman@verifiedverse.com,Password123@
carol.ritter@verifiedverse.com,Password123@
carole.hernandez@verifiedverse.com,Password123@
carrie.good@verifiedverse.com,Password123@
cecil.galloway@verifiedverse.com,Password123@
cedrick.ley@verifiedverse.com,Password123@
celina.mays@verifiedverse.com,Password123@
chad.perkins@verifiedverse.com,Password123@
chelsey.yarbrough@verifiedverse.com,Password123@
cherri.gamble@verifiedverse.com,Password123@
cheryl.brown@verifiedverse.com,Password123@
chris.paolucci@verifiedverse.com,Password123@
chris.green@verifiedverse.com,Password123@
christi.beckles@verifiedverse.com,Password123@
christina.rickman@verifiedverse.com,Password123@
christina.trent@verifiedverse.com,Password123@
christine.denson@verifiedverse.com,Password123@
christopher.palacios@verifiedverse.com,Password123@
christopher.marks@verifiedverse.com,Password123@
clara.gleason@verifiedverse.com,Password123@
claude.drumheller@verifiedverse.com,Password123@
clyde.burns@verifiedverse.com,Password123@
codi.damon@verifiedverse.com,Password123@
colin.pigford@verifiedverse.com,Password123@
curtis.matthews@verifiedverse.com,Password123@
curtis.gaines@verifiedverse.com,Password123@
cynthia.bussey@verifiedverse.com,Password123@
cynthia.bates@verifiedverse.com,Password123@
dale.kroeger@verifiedverse.com,Password123@
damian.burchett@verifiedverse.com,Password123@
dana.gillespie@verifiedverse.com,Password123@
daniel.rasmussen@verifiedverse.com,Password123@
daniel.marshall@verifiedverse.com,Password123@
daniel.diaz@verifiedverse.com,Password123@
daniel.medina@verifiedverse.com,Password123@
daniel.seals@verifiedverse.com,Password123@
darrell.mccall@verifiedverse.com,Password123@
david.rodriguez@verifiedverse.com,Password123@
david.ireland@verifiedverse.com,Password123@
david.walker@verifiedverse.com,Password123@
david.o'connor@verifiedverse.com,Password123@
dawn.contreras@verifiedverse.com,Password123@
deanna.robinette@verifiedverse.com,Password123@
debbie.lester@verifiedverse.com,Password123@
deborah.baugh@verifiedverse.com,Password123@
deborah.covington@verifiedverse.com,Password123@
deborah.vaughn@verifiedverse.com,Password123@
deborah.cutright@verifiedverse.com,Password123@
delores.mayhew@verifiedverse.com,Password123@
dennis.morgan@verifiedverse.com,Password123@
dennis.wilson@verifiedverse.com,Password123@
dennis.carr@verifiedverse.com,Password123@
dewayne.keese@verifiedverse.com,Password123@
dolores.haase@verifiedverse.com,Password123@
domingo.mace@verifiedverse.com,Password123@
donald.haney@verifiedverse.com,Password123@
donald.danforth@verifiedverse.com,Password123@
donald.rocha@verifiedverse.com,Password123@
donna.rodriguez@verifiedverse.com,Password123@
donna.church@verifiedverse.com,Password123@
donna.paschke@verifiedverse.com,Password123@
doris.cowan@verifiedverse.com,Password123@
dorothy.mckinnon@verifiedverse.com,Password123@
dorothy.locke@verifiedverse.com,Password123@
duane.downs@verifiedverse.com,Password123@
ed.ochoa@verifiedverse.com,Password123@
eddie.osborne@verifiedverse.com,Password123@
edmund.lovejoy@verifiedverse.com,Password123@
edna.levenson@verifiedverse.com,Password123@
edward.guerra@verifiedverse.com,Password123@
edward.wong@verifiedverse.com,Password123@
edward.sanderson@verifiedverse.com,Password123@
edward.mason@verifiedverse.com,Password123@
elizabeth.bell@verifiedverse.com,Password123@
elizabeth.hines@verifiedverse.com,Password123@
elvera.walker@verifiedverse.com,Password123@
emmanuel.webster@verifiedverse.com,Password123@
emmett.hibner@verifiedverse.com,Password123@
eric.wallach@verifiedverse.com,Password123@
eric.bates@verifiedverse.com,Password123@
erica.fernandez@verifiedverse.com,Password123@
erika.clarke@verifiedverse.com,Password123@
esperanza.hathaway@verifiedverse.com,Password123@
estela.hughes@verifiedverse.com,Password123@
estrella.mckee@verifiedverse.com,Password123@
ethel.roderick@verifiedverse.com,Password123@
ethel.holland@verifiedverse.com,Password123@
ethel.brown@verifiedverse.com,Password123@
eva.gary@verifiedverse.com,Password123@
everett.dunn@verifiedverse.com,Password123@
felicia.irwin@verifiedverse.com,Password123@
frances.sumpter@verifiedverse.com,Password123@
frances.kelly@verifiedverse.com,Password123@
francis.baysinger@verifiedverse.com,Password123@
frank.lacy@verifiedverse.com,Password123@
frank.glover@verifiedverse.com,Password123@
fred.mitchell@verifiedverse.com,Password123@
fred.livingstone@verifiedverse.com,Password123@
fred.stern@verifiedverse.com,Password123@
freddie.jordan@verifiedverse.com,Password123@
gabriel.dyer@verifiedverse.com,Password123@
garrett.ross@verifiedverse.com,Password123@
gary.bundy@verifiedverse.com,Password123@
gary.landry@verifiedverse.com,Password123@
gary.boone@verifiedverse.com,Password123@
george.trombetta@verifiedverse.com,Password123@
germaine.varney@verifiedverse.com,Password123@
gladys.haas@verifiedverse.com,Password123@
grace.wall@verifiedverse.com,Password123@
graciela.gonzalez@verifiedverse.com,Password123@
granville.zachary@verifiedverse.com,Password123@
greg.oneal@verifiedverse.com,Password123@
gregory.young@verifiedverse.com,Password123@
guadalupe.mitchell@verifiedverse.com,Password123@
hannah.phelps@verifiedverse.com,Password123@
harland.webb@verifiedverse.com,Password123@
harold.ortiz@verifiedverse.com,Password123@
harold.puffer@verifiedverse.com,Password123@
harry.mcallister@verifiedverse.com,Password123@
harvey.valtierra@verifiedverse.com,Password123@
heather.o'connor@verifiedverse.com,Password123@
hector.carrillo@verifiedverse.com,Password123@
hector.ladd@verifiedverse.com,Password123@
helen.young@verifiedverse.com,Password123@
helen.tedford@verifiedverse.com,Password123@
henry.simmons@verifiedverse.com,Password123@
henry.wyatt@verifiedverse.com,Password123@
herbert.shugart@verifiedverse.com,Password123@
holli.alvarado@verifiedverse.com,Password123@
houston.jones@verifiedverse.com,Password123@
hugh.glanz@verifiedverse.com,Password123@
hugh.amin@verifiedverse.com,Password123@
ira.pokorny@verifiedverse.com,Password123@
irene.rocha@verifiedverse.com,Password123@
iris.holden@verifiedverse.com,Password123@
iris.west@verifiedverse.com,Password123@
irma.mann@verifiedverse.com,Password123@
irma.cooney@verifiedverse.com,Password123@
irvin.williams@verifiedverse.com,Password123@
isaac.carlisle@verifiedverse.com,Password123@
isela.patel@verifiedverse.com,Password123@
jack.irwin@verifiedverse.com,Password123@
jaclyn.duet@verifiedverse.com,Password123@
james.hutchens@verifiedverse.com,Password123@
james.rubin@verifiedverse.com,Password123@
james.morris@verifiedverse.com,Password123@
james.simmons@verifiedverse.com,Password123@
james.woody@verifiedverse.com,Password123@
james.heiser@verifiedverse.com,Password123@
james.lee@verifiedverse.com,Password123@
james.nelson@verifiedverse.com,Password123@
james.rickert@verifiedverse.com,Password123@
james.miller@verifiedverse.com,Password123@
james.jackson@verifiedverse.com,Password123@
james.messenger@verifiedverse.com,Password123@
janay.perkins@verifiedverse.com,Password123@
janet.villarreal@verifiedverse.com,Password123@
janet.cole@verifiedverse.com,Password123@
janet.olson@verifiedverse.com,Password123@
janice.gonzalez@verifiedverse.com,Password123@
jannie.thomas@verifiedverse.com,Password123@
jarod.redmon@verifiedverse.com,Password123@
jason.whitcomb@verifiedverse.com,Password123@
jason.jenkins@verifiedverse.com,Password123@
jeanette.sawyers@verifiedverse.com,Password123@
jeffery.haak@verifiedverse.com,Password123@
jeffrey.moran@verifiedverse.com,Password123@
jenna.wenger@verifiedverse.com,Password123@
jennifer.caouette@verifiedverse.com,Password123@
jerry.lowery@verifiedverse.com,Password123@
jesse.fischer@verifiedverse.com,Password123@
jesse.matz@verifiedverse.com,Password123@
jesse.thomas@verifiedverse.com,Password123@
jessica.johnston@verifiedverse.com,Password123@
jessie.byrnes@verifiedverse.com,Password123@
jessie.harvey@verifiedverse.com,Password123@
jesus.hall@verifiedverse.com,Password123@
jill.goodson@verifiedverse.com,Password123@
jill.ward@verifiedverse.com,Password123@
joanna.merced@verifiedverse.com,Password123@
joanna.wells@verifiedverse.com,Password123@
joanne.wolverton@verifiedverse.com,Password123@
jodi.crockett@verifiedverse.com,Password123@
john.smith@verifiedverse.com,Password123@
john.biermann@verifiedverse.com,Password123@
john.flores@verifiedverse.com,Password123@
john.heenan@verifiedverse.com,Password123@
john.tapp@verifiedverse.com,Password123@
john.vanalstyne@verifiedverse.com,Password123@
john.morning@verifiedverse.com,Password123@
john.sheppard@verifiedverse.com,Password123@
john.pierce@verifiedverse.com,Password123@
john.ashley@verifiedverse.com,Password123@
john.taylor@verifiedverse.com,Password123@
john.morello@verifiedverse.com,Password123@
john.small@verifiedverse.com,Password123@
jonathan.barr@verifiedverse.com,Password123@
jorge.johnson@verifiedverse.com,Password123@
jose.gee@verifiedverse.com,Password123@
jose.johnson@verifiedverse.com,Password123@
joseph.yu@verifiedverse.com,Password123@
joseph.crawford@verifiedverse.com,Password123@
joshua.jackson@verifiedverse.com,Password123@
joyce.allen@verifiedverse.com,Password123@
joyce.gibbs@verifiedverse.com,Password123@
juan.ogrady@verifiedverse.com,Password123@
judith.frese@verifiedverse.com,Password123@
judith.loya@verifiedverse.com,Password123@
judy.suarez@verifiedverse.com,Password123@
julie.mulkey@verifiedverse.com,Password123@
julie.mccall@verifiedverse.com,Password123@
julie.henderson@verifiedverse.com,Password123@
julio.elder@verifiedverse.com,Password123@
justin.barclay@verifiedverse.com,Password123@
karen.thompson@verifiedverse.com,Password123@
karen.tenorio@verifiedverse.com,Password123@
karen.johnson@verifiedverse.com,Password123@
katharine.martin@verifiedverse.com,Password123@
kathryn.peer@verifiedverse.com,Password123@
kathy.shimer@verifiedverse.com,Password123@
keith.rideout@verifiedverse.com,Password123@
kelly.helton@verifiedverse.com,Password123@
kelvin.turek@verifiedverse.com,Password123@
kendall.rickel@verifiedverse.com,Password123@
kenneth.mueller@verifiedverse.com,Password123@
kenneth.roberson@verifiedverse.com,Password123@
kia.lang@verifiedverse.com,Password123@
kim.smith@verifiedverse.com,Password123@
kimberly.oakes@verifiedverse.com,Password123@
kimberly.west@verifiedverse.com,Password123@
kimberly.thomas@verifiedverse.com,Password123@
kristen.wilson@verifiedverse.com,Password123@
ladonna.guitierrez@verifiedverse.com,Password123@
lana.oh@verifiedverse.com,Password123@
lance.waiters@verifiedverse.com,Password123@
larry.chambers@verifiedverse.com,Password123@
latoya.downes@verifiedverse.com,Password123@
laura.lanning@verifiedverse.com,Password123@
lauren.taylor@verifiedverse.com,Password123@
lauren.collins@verifiedverse.com,Password123@
laurie.barrow@verifiedverse.com,Password123@
lavern.johnson@verifiedverse.com,Password123@
lazaro.brown@verifiedverse.com,Password123@
leah.lopez@verifiedverse.com,Password123@
lenora.handley@verifiedverse.com,Password123@
leonard.preiss@verifiedverse.com,Password123@
leslie.oberg@verifiedverse.com,Password123@
lewis.jones@verifiedverse.com,Password123@
lillian.babin@verifiedverse.com,Password123@
linda.talbert@verifiedverse.com,Password123@
linda.hubbard@verifiedverse.com,Password123@
linda.rowsey@verifiedverse.com,Password123@
lindsay.german@verifiedverse.com,Password123@
lois.douglas@verifiedverse.com,Password123@
loren.stull@verifiedverse.com,Password123@
loyd.yuen@verifiedverse.com,Password123@
lucas.smith@verifiedverse.com,Password123@
luis.rankin@verifiedverse.com,Password123@
lyman.burrell@verifiedverse.com,Password123@
lynn.castellanos@verifiedverse.com,Password123@
maria.holton@verifiedverse.com,Password123@
maria.ryant@verifiedverse.com,Password123@
marion.rousseau@verifiedverse.com,Password123@
marion.skinner@verifiedverse.com,Password123@
marjorie.pearce@verifiedverse.com,Password123@
marjorie.andrews@verifiedverse.com,Password123@
mark.sigman@verifiedverse.com,Password123@
mark.pyne@verifiedverse.com,Password123@
mark.morris@verifiedverse.com,Password123@
mark.lavigne@verifiedverse.com,Password123@
martha.thomas@verifiedverse.com,Password123@
marvin.clay@verifiedverse.com,Password123@
mary.vickery@verifiedverse.com,Password123@
mary.vandenberg@verifiedverse.com,Password123@
mary.santos@verifiedverse.com,Password123@
maryellen.bell@verifiedverse.com,Password123@
matthew.arena@verifiedverse.com,Password123@
maurice.aldrich@verifiedverse.com,Password123@
mazie.cao@verifiedverse.com,Password123@
meagan.santana@verifiedverse.com,Password123@
melissa.case@verifiedverse.com,Password123@
melody.pearson@verifiedverse.com,Password123@
melvin.paul@verifiedverse.com,Password123@
meredith.clayton@verifiedverse.com,Password123@
michael.abbott@verifiedverse.com,Password123@
michael.conley@verifiedverse.com,Password123@
michael.wilkinson@verifiedverse.com,Password123@
michael.schatz@verifiedverse.com,Password123@
michael.speers@verifiedverse.com,Password123@
michael.lawson@verifiedverse.com,Password123@
michael.basso@verifiedverse.com,Password123@
michael.mullins@verifiedverse.com,Password123@
michael.mincey@verifiedverse.com,Password123@
micheal.valazquez@verifiedverse.com,Password123@
michelle.virgil@verifiedverse.com,Password123@
mickey.napier@verifiedverse.com,Password123@
mike.maldonado@verifiedverse.com,Password123@
milagros.rowland@verifiedverse.com,Password123@
mitsuko.cohen@verifiedverse.com,Password123@
monica.travers@verifiedverse.com,Password123@
nadine.irwin@verifiedverse.com,Password123@
nancy.roderick@verifiedverse.com,Password123@
nancy.richter@verifiedverse.com,Password123@
natasha.hall@verifiedverse.com,Password123@
natasha.ford@verifiedverse.com,Password123@
nichelle.elliott@verifiedverse.com,Password123@
nicholas.morrow@verifiedverse.com,Password123@
nicholas.hussey@verifiedverse.com,Password123@
nicole.redington@verifiedverse.com,Password123@
nicole.dowd@verifiedverse.com,Password123@
nicole.stevenson@verifiedverse.com,Password123@
norma.davis@verifiedverse.com,Password123@
ok.dempsey@verifiedverse.com,Password123@
opal.gomes@verifiedverse.com,Password123@
pablo.walker@verifiedverse.com,Password123@
pamela.dick@verifiedverse.com,Password123@
pamela.drexler@verifiedverse.com,Password123@
patricia.branham@verifiedverse.com,Password123@
patricia.cook@verifiedverse.com,Password123@
patricia.retherford@verifiedverse.com,Password123@
paul.marshall@verifiedverse.com,Password123@
paul.magee@verifiedverse.com,Password123@
paula.hamlin@verifiedverse.com,Password123@
pedro.martin@verifiedverse.com,Password123@
rachel.schley@verifiedverse.com,Password123@
rafael.kennemer@verifiedverse.com,Password123@
randall.zapata@verifiedverse.com,Password123@
randy.crum@verifiedverse.com,Password123@
raphael.williams@verifiedverse.com,Password123@
raquel.hernandez@verifiedverse.com,Password123@
ray.sierra@verifiedverse.com,Password123@
raymond.delossantos@verifiedverse.com,Password123@
retha.mora@verifiedverse.com,Password123@
rich.alexander@verifiedverse.com,Password123@
richard.youngblood@verifiedverse.com,Password123@
robert.pepin@verifiedverse.com,Password123@
robert.bowen@verifiedverse.com,Password123@
robert.brown@verifiedverse.com,Password123@
robert.grier@verifiedverse.com,Password123@
robert.manning@verifiedverse.com,Password123@
robert.emmert@verifiedverse.com,Password123@
robert.bryant@verifiedverse.com,Password123@
roberta.byrd@verifiedverse.com,Password123@
roberta.walker@verifiedverse.com,Password123@
robin.glaze@verifiedverse.com,Password123@
robin.shankle@verifiedverse.com,Password123@
robin.murray@verifiedverse.com,Password123@
rocco.douglas@verifiedverse.com,Password123@
roderick.kistner@verifiedverse.com,Password123@
rodney.byrd@verifiedverse.com,Password123@
rodney.winters@verifiedverse.com,Password123@
rodney.morgan@verifiedverse.com,Password123@
roger.smith@verifiedverse.com,Password123@
ronald.meador@verifiedverse.com,Password123@
ronnie.ashby@verifiedverse.com,Password123@
rosa.stanley@verifiedverse.com,Password123@
rosa.conway@verifiedverse.com,Password123@
rose.richards@verifiedverse.com,Password123@
rosemary.rhine@verifiedverse.com,Password123@
ross.sweet@verifiedverse.com,Password123@
ruby.wu@verifiedverse.com,Password123@
russell.berlanga@verifiedverse.com,Password123@
russell.flores@verifiedverse.com,Password123@
sandra.barthel@verifiedverse.com,Password123@
sara.sankey@verifiedverse.com,Password123@
sarah.bunch@verifiedverse.com,Password123@
sarah.daniels@verifiedverse.com,Password123@
scott.bussell@verifiedverse.com,Password123@
scott.mack@verifiedverse.com,Password123@
sean.campbell@verifiedverse.com,Password123@
sergio.mcginley@verifiedverse.com,Password123@
sharon.sanders@verifiedverse.com,Password123@
sharon.christian@verifiedverse.com,Password123@
shasta.murphy@verifiedverse.com,Password123@
sheila.williams@verifiedverse.com,Password123@
shelby.terry@verifiedverse.com,Password123@
shirlee.barnes@verifiedverse.com,Password123@
shirley.pierce@verifiedverse.com,Password123@
shirley.monroe@verifiedverse.com,Password123@
silvia.spriggs@verifiedverse.com,Password123@
stacy.rumsey@verifiedverse.com,Password123@
stanley.martell@verifiedverse.com,Password123@
stephanie.butner@verifiedverse.com,Password123@
steven.sullivan@verifiedverse.com,Password123@
steven.turner@verifiedverse.com,Password123@
steven.warr@verifiedverse.com,Password123@
steven.stewart@verifiedverse.com,Password123@
stuart.smith@verifiedverse.com,Password123@
summer.casey@verifiedverse.com,Password123@
susan.brown@verifiedverse.com,Password123@
susanne.miles@verifiedverse.com,Password123@
tammy.oliver@verifiedverse.com,Password123@
temeka.hodges@verifiedverse.com,Password123@
teresa.anders@verifiedverse.com,Password123@
teresa.apple@verifiedverse.com,Password123@
terry.mansour@verifiedverse.com,Password123@
terry.breaux@verifiedverse.com,Password123@
thelma.getz@verifiedverse.com,Password123@
theodore.washington@verifiedverse.com,Password123@
thomas.white@verifiedverse.com,Password123@
tiffany.varney@verifiedverse.com,Password123@
timothy.moore@verifiedverse.com,Password123@
timothy.spataro@verifiedverse.com,Password123@
todd.peres@verifiedverse.com,Password123@
tony.thomas@verifiedverse.com,Password123@
tonya.patton@verifiedverse.com,Password123@
tracy.kerner@verifiedverse.com,Password123@
travis.malone@verifiedverse.com,Password123@
tricia.schmitt@verifiedverse.com,Password123@
trinidad.nash@verifiedverse.com,Password123@
trinidad.cote@verifiedverse.com,Password123@
troy.flores@verifiedverse.com,Password123@
tyron.richmond@verifiedverse.com,Password123@
vanessa.lam@verifiedverse.com,Password123@
vicki.jackson@verifiedverse.com,Password123@
victor.ho@verifiedverse.com,Password123@
victor.goss@verifiedverse.com,Password123@
vida.whitaker@verifiedverse.com,Password123@
virgie.calderon@verifiedverse.com,Password123@
virginia.rizzi@verifiedverse.com,Password123@
walter.sisco@verifiedverse.com,Password123@
walter.flores@verifiedverse.com,Password123@
walter.zook@verifiedverse.com,Password123@
wendi.burrough@verifiedverse.com,Password123@
wendy.vento@verifiedverse.com,Password123@
will.wilson@verifiedverse.com,Password123@
william.willits@verifiedverse.com,Password123@
william.herrera@verifiedverse.com,Password123@
william.williams@verifiedverse.com,Password123@
william.grisham@verifiedverse.com,Password123@
william.hayes@verifiedverse.com,Password123@
william.soules@verifiedverse.com,Password123@
william.pickering@verifiedverse.com,Password123@
william.ramage@verifiedverse.com,Password123@
william.kellum@verifiedverse.com,Password123@
winford.curtis@verifiedverse.com,Password123@
wm.mills@verifiedverse.com,Password123@
xiomara.spencer@verifiedverse.com,Password123@
yesenia.hubbard@verifiedverse.com,Password123@
zulma.lee@verifiedverse.com,Password123@