email,password,givenName,familyName
jack.palmer@verifiedverse.com,Password123@,Jack,Palmer
mitch.linder@verifiedverse.com,Password123@,Mitch,Linder
nicholas.edwards@verifiedverse.com,Password123@,Nicholas,Edwards
greg.greer@verifiedverse.com,Password123@,Greg,Greer
michael.obrien@verifiedverse.com,Password123@,Michael,Obrien
lorena.griffith@verifiedverse.com,Password123@,Lorena,Griffith
william.warfield@verifiedverse.com,Password123@,William,Warfield
joanne.chapman@verifiedverse.com,Password123@,Joanne,Chapman
isabel.dugger@verifiedverse.com,Password123@,Isabel,Dugger
diane.alderman@verifiedverse.com,Password123@,Diane,Alderman
ellie.garza@verifiedverse.com,Password123@,Ellie,Garza
kathy.matlock@verifiedverse.com,Password123@,Kathy,Matlock
beverly.mathis@verifiedverse.com,Password123@,Beverly,Mathis
elizabeth.casey@verifiedverse.com,Password123@,Elizabeth,Casey
george.penley@verifiedverse.com,Password123@,George,Penley
lillian.myers@verifiedverse.com,Password123@,Lillian,Myers
jeanne.ochoa@verifiedverse.com,Password123@,Jeanne,Ochoa
kevin.hostetler@verifiedverse.com,Password123@,Kevin,Hostetler
christopher.anderson@verifiedverse.com,Password123@,Christopher,Anderson
caryn.powell@verifiedverse.com,Password123@,Caryn,Powell
ismael.martinez@verifiedverse.com,Password123@,Ismael,Martinez
albert.george@verifiedverse.com,Password123@,Albert,George
lisa.pak@verifiedverse.com,Password123@,Lisa,Pak
gerard.moore@verifiedverse.com,Password123@,Gerard,Moore
helen.davidson@verifiedverse.com,Password123@,Helen,Davidson
paul.robinson@verifiedverse.com,Password123@,Paul,Robinson
teodora.ely@verifiedverse.com,Password123@,Teodora,Ely
lloyd.law@verifiedverse.com,Password123@,Lloyd,Law
mark.kincaid@verifiedverse.com,Password123@,Mark,Kincaid
josephine.richer@verifiedverse.com,Password123@,Josephine,Richer
jackie.reedy@verifiedverse.com,Password123@,Jackie,Reedy
eliza.ramirez@verifiedverse.com,Password123@,Eliza,Ramirez
paul.martinez@verifiedverse.com,Password123@,Paul,Martinez
dale.sawyer@verifiedverse.com,Password123@,Dale,Sawyer
horace.meyer@verifiedverse.com,Password123@,Horace,Meyer
brian.stafford@verifiedverse.com,Password123@,Brian,Stafford
glenn.cantrell@verifiedverse.com,Password123@,Glenn,Cantrell
brandon.montemayor@verifiedverse.com,Password123@,Brandon,Montemayor
mary.hilton@verifiedverse.com,Password123@,Mary,Hilton
eleanor.luoma@verifiedverse.com,Password123@,Eleanor,Luoma
lauren.stever@verifiedverse.com,Password123@,Lauren,Stever
dorothy.walker@verifiedverse.com,Password123@,Dorothy,Walker
margaret.schafer@verifiedverse.com,Password123@,Margaret,Schafer
ewa.kennedy@verifiedverse.com,Password123@,Ewa,Kennedy
david.reyes@verifiedverse.com,Password123@,David,Reyes
craig.driggs@verifiedverse.com,Password123@,Craig,Driggs
homer.decamp@verifiedverse.com,Password123@,Homer,Decamp
andrea.grimes@verifiedverse.com,Password123@,Andrea,Grimes
elsie.guerro@verifiedverse.com,Password123@,Elsie,Guerro
john.stolle@verifiedverse.com,Password123@,John,Stolle
lawrence.gamez@verifiedverse.com,Password123@,Lawrence,Gamez
gary.ryan@verifiedverse.com,Password123@,Gary,Ryan
allen.mifflin@verifiedverse.com,Password123@,Allen,Mifflin
curtis.lo@verifiedverse.com,Password123@,Curtis,Lo
ivan.jackson@verifiedverse.com,Password123@,Ivan,Jackson
phyllis.brown@verifiedverse.com,Password123@,Phyllis,Brown
kevin.ballard@verifiedverse.com,Password123@,Kevin,Ballard
clark.wilcox@verifiedverse.com,Password123@,Clark,Wilcox
victor.goyette@verifiedverse.com,Password123@,Victor,Goyette
diane.simpson@verifiedverse.com,Password123@,Diane,Simpson
lester.gonzalez@verifiedverse.com,Password123@,Lester,Gonzalez
albert.stewart@verifiedverse.com,Password123@,Albert,Stewart
bruce.lopes@verifiedverse.com,Password123@,Bruce,Lopes
toby.arcand@verifiedverse.com,Password123@,Toby,Arcand
jason.hoover@verifiedverse.com,Password123@,Jason,Hoover
david.lillie@verifiedverse.com,Password123@,David,Lillie
mike.mcdonough@verifiedverse.com,Password123@,Mike,McDonough
walter.penley@verifiedverse.com,Password123@,Walter,Penley
judith.archie@verifiedverse.com,Password123@,Judith,Archie
kenneth.brown@verifiedverse.com,Password123@,Kenneth,Brown
craig.murphy@verifiedverse.com,Password123@,Craig,Murphy
travis.brooks@verifiedverse.com,Password123@,Travis,Brooks
terrance.gonzalez@verifiedverse.com,Password123@,Terrance,Gonzalez
susan.wick@verifiedverse.com,Password123@,Susan,Wick
tiffany.little@verifiedverse.com,Password123@,Tiffany,Little
joseph.mccullum@verifiedverse.com,Password123@,Joseph,McCullum
annie.poole@verifiedverse.com,Password123@,Annie,Poole
rosario.congdon@verifiedverse.com,Password123@,Rosario,Congdon
luther.lilly@verifiedverse.com,Password123@,Luther,Lilly
karen.serrato@verifiedverse.com,Password123@,Karen,Serrato
glenn.cooley@verifiedverse.com,Password123@,Glenn,Cooley
kathaleen.fussell@verifiedverse.com,Password123@,Kathaleen,Fussell
frank.palmer@verifiedverse.com,Password123@,Frank,Palmer
janice.sanchez@verifiedverse.com,Password123@,Janice,Sanchez
johnny.outlaw@verifiedverse.com,Password123@,Johnny,Outlaw
edward.dube@verifiedverse.com,Password123@,Edward,Dube
catherine.clayton@verifiedverse.com,Password123@,Catherine,Clayton
elizabeth.robinson@verifiedverse.com,Password123@,Elizabeth,Robinson
francis.ferreira@verifiedverse.com,Password123@,Francis,Ferreira
julius.nappi@verifiedverse.com,Password123@,Julius,Nappi
eugene.sanchez@verifiedverse.com,Password123@,Eugene,Sanchez
dianne.maury@verifiedverse.com,Password123@,Dianne,Maury
ed.oneil@verifiedverse.com,Password123@,Ed,Oneil
charlie.moore@verifiedverse.com,Password123@,Charlie,Moore
elsie.mask@verifiedverse.com,Password123@,Elsie,Mask
brian.schiefelbein@verifiedverse.com,Password123@,Brian,Schiefelbein
lashandra.jones@verifiedverse.com,Password123@,Lashandra,Jones
robert.velasquez@verifiedverse.com,Password123@,Robert,Velasquez
micheal.kearns@verifiedverse.com,Password123@,Micheal,Kearns
flora.dunn@verifiedverse.com,Password123@,Flora,Dunn
ann.becker@verifiedverse.com,Password123@,Ann,Becker
richard.perry@verifiedverse.com,Password123@,Richard,Perry
julie.pixley@verifiedverse.com,Password123@,Julie,Pixley
ruby.pender@verifiedverse.com,Password123@,Ruby,Pender
harvey.kearney@verifiedverse.com,Password123@,Harvey,Kearney
glen.gaytan@verifiedverse.com,Password123@,Glen,Gaytan
william.gragg@verifiedverse.com,Password123@,William,Gragg
james.holland@verifiedverse.com,Password123@,James,Holland
roger.parkins@verifiedverse.com,Password123@,Roger,Parkins
sonia.johnson@verifiedverse.com,Password123@,Sonia,Johnson
kelly.lemon@verifiedverse.com,Password123@,Kelly,Lemon
thomas.singleton@verifiedverse.com,Password123@,Thomas,Singleton
christopher.chamberlain@verifiedverse.com,Password123@,Christopher,Chamberlain
paula.jones@verifiedverse.com,Password123@,Paula,Jones
cherelle.steger@verifiedverse.com,Password123@,Cherelle,Steger
roland.thacker@verifiedverse.com,Password123@,Roland,Thacker
john.andujar@verifiedverse.com,Password123@,John,Andujar
ruth.wellman@verifiedverse.com,Password123@,Ruth,Wellman
geneva.arden@verifiedverse.com,Password123@,Geneva,Arden
dana.clark@verifiedverse.com,Password123@,Dana,Clark
steven.santiago@verifiedverse.com,Password123@,Steven,Santiago
charles.wilson@verifiedverse.com,Password123@,Charles,Wilson
bridgette.johnson@verifiedverse.com,Password123@,Bridgette,Johnson
princess.jones@verifiedverse.com,Password123@,Princess,Jones
mary.garza@verifiedverse.com,Password123@,Mary,Garza
jonathan.patrick@verifiedverse.com,Password123@,Jonathan,Patrick
ralph.washington@verifiedverse.com,Password123@,Ralph,Washington
dwayne.moore@verifiedverse.com,Password123@,Dwayne,Moore
miguel.spaulding@verifiedverse.com,Password123@,Miguel,Spaulding
charles.king@verifiedverse.com,Password123@,Charles,King
rita.thompson@verifiedverse.com,Password123@,Rita,Thompson
daniel.griffith@verifiedverse.com,Password123@,Daniel,Griffith
sonya.walker@verifiedverse.com,Password123@,Sonya,Walker
al.frazee@verifiedverse.com,Password123@,Al,Frazee
michael.david@verifiedverse.com,Password123@,Michael,David
craig.murray@verifiedverse.com,Password123@,Craig,Murray
charlene.jimenez@verifiedverse.com,Password123@,Charlene,Jimenez
phil.lawson@verifiedverse.com,Password123@,Phil,Lawson
ruth.bousquet@verifiedverse.com,Password123@,Ruth,Bousquet
vickie.garcia@verifiedverse.com,Password123@,Vickie,Garcia
josie.hines@verifiedverse.com,Password123@,Josie,Hines
anthony.musgrove@verifiedverse.com,Password123@,Anthony,Musgrove
amos.lockard@verifiedverse.com,Password123@,Amos,Lockard
joshua.viramontes@verifiedverse.com,Password123@,Joshua,Viramontes
edith.meza@verifiedverse.com,Password123@,Edith,Meza
angela.tuohy@verifiedverse.com,Password123@,Angela,Tuohy
edgar.newland@verifiedverse.com,Password123@,Edgar,Newland
jessie.yost@verifiedverse.com,Password123@,Jessie,Yost
brian.darcy@verifiedverse.com,Password123@,Brian,Darcy
lisa.wilbanks@verifiedverse.com,Password123@,Lisa,Wilbanks
barbara.dodd@verifiedverse.com,Password123@,Barbara,Dodd
james.burton@verifiedverse.com,Password123@,James,Burton
steven.evans@verifiedverse.com,Password123@,Steven,Evans
david.carter@verifiedverse.com,Password123@,David,Carter
susan.estep@verifiedverse.com,Password123@,Susan,Estep
georgette.willingham@verifiedverse.com,Password123@,Georgette,Willingham
lois.weiss@verifiedverse.com,Password123@,Lois,Weiss
tom.jones@verifiedverse.com,Password123@,Tom,Jones
timothy.marks@verifiedverse.com,Password123@,Timothy,Marks
robert.stewart@verifiedverse.com,Password123@,Robert,Stewart
tamala.queen@verifiedverse.com,Password123@,Tamala,Queen
michael.newton@verifiedverse.com,Password123@,Michael,Newton
brent.dysart@verifiedverse.com,Password123@,Brent,Dysart
nancy.ross@verifiedverse.com,Password123@,Nancy,Ross
susan.hill@verifiedverse.com,Password123@,Susan,Hill
daniel.deem@verifiedverse.com,Password123@,Daniel,Deem
william.robinson@verifiedverse.com,Password123@,William,Robinson
carl.bullock@verifiedverse.com,Password123@,Carl,Bullock
lindsay.grindstaff@verifiedverse.com,Password123@,Lindsay,Grindstaff
kenneth.johnson@verifiedverse.com,Password123@,Kenneth,Johnson
elsa.byrd@verifiedverse.com,Password123@,Elsa,Byrd
burl.crain@verifiedverse.com,Password123@,Burl,Crain
eric.hendon@verifiedverse.com,Password123@,Eric,Hendon
forrest.duenas@verifiedverse.com,Password123@,Forrest,Duenas
brian.redmond@verifiedverse.com,Password123@,Brian,Redmond
ben.smith@verifiedverse.com,Password123@,Ben,Smith
ida.laflamme@verifiedverse.com,Password123@,Ida,Laflamme
marylin.schrack@verifiedverse.com,Password123@,Marylin,Schrack
james.davidson@verifiedverse.com,Password123@,James,Davidson
bernard.shannon@verifiedverse.com,Password123@,Bernard,Shannon
kathryn.wise@verifiedverse.com,Password123@,Kathryn,Wise
marie.hardaway@verifiedverse.com,Password123@,Marie,Hardaway
alberto.diez@verifiedverse.com,Password123@,Alberto,Diez
laura.fitts@verifiedverse.com,Password123@,Laura,Fitts
abe.mcclurg@verifiedverse.com,Password123@,Abe,McClurg
william.barron@verifiedverse.com,Password123@,William,Barron
cindy.martin@verifiedverse.com,Password123@,Cindy,Martin
william.wake@verifiedverse.com,Password123@,William,Wake
jeffrey.mcgowan@verifiedverse.com,Password123@,Jeffrey,McGowan
denita.espino@verifiedverse.com,Password123@,Denita,Espino
betty.hines@verifiedverse.com,Password123@,Betty,Hines
juanita.johnson@verifiedverse.com,Password123@,Juanita,Johnson
betty.thurman@verifiedverse.com,Password123@,Betty,Thurman
doris.loper@verifiedverse.com,Password123@,Doris,Loper
kendra.hopkins@verifiedverse.com,Password123@,Kendra,Hopkins
kevin.rogers@verifiedverse.com,Password123@,Kevin,Rogers
antonio.walker@verifiedverse.com,Password123@,Antonio,Walker
brandon.jones@verifiedverse.com,Password123@,Brandon,Jones
robert.dougherty@verifiedverse.com,Password123@,Robert,Dougherty
theresa.castro@verifiedverse.com,Password123@,Theresa,Castro
david.mccall@verifiedverse.com,Password123@,David,McCall
jessie.camp@verifiedverse.com,Password123@,Jessie,Camp
mark.serrano@verifiedverse.com,Password123@,Mark,Serrano
cathy.parks@verifiedverse.com,Password123@,Cathy,Parks
jeffrey.john@verifiedverse.com,Password123@,Jeffrey,John
renee.henslee@verifiedverse.com,Password123@,Renee,Henslee
justin.newman@verifiedverse.com,Password123@,Justin,Newman
philip.elzey@verifiedverse.com,Password123@,Philip,Elzey
betty.raya@verifiedverse.com,Password123@,Betty,Raya
donte.hatch@verifiedverse.com,Password123@,Donte,Hatch
michael.smith@verifiedverse.com,Password123@,Michael,Smith
janet.tucker@verifiedverse.com,Password123@,Janet,Tucker
betty.carr@verifiedverse.com,Password123@,Betty,Carr
mark.lapine@verifiedverse.com,Password123@,Mark,Lapine
dorothy.white@verifiedverse.com,Password123@,Dorothy,White
felicia.coleman@verifiedverse.com,Password123@,Felicia,Coleman
kimberlee.velez@verifiedverse.com,Password123@,Kimberlee,Velez
rene.craven@verifiedverse.com,Password123@,Rene,Craven
rosalind.dobbs@verifiedverse.com,Password123@,Rosalind,Dobbs
nicholas.moore@verifiedverse.com,Password123@,Nicholas,Moore
sandra.hensley@verifiedverse.com,Password123@,Sandra,Hensley
amy.shields@verifiedverse.com,Password123@,Amy,Shields
joel.owens@verifiedverse.com,Password123@,Joel,Owens
katie.hankins@verifiedverse.com,Password123@,Katie,Hankins
enrique.springfield@verifiedverse.com,Password123@,Enrique,Springfield
douglas.foster@verifiedverse.com,Password123@,Douglas,Foster
mark.redden@verifiedverse.com,Password123@,Mark,Redden
susan.scott@verifiedverse.com,Password123@,Susan,Scott
john.tejada@verifiedverse.com,Password123@,John,Tejada
susanne.benjamin@verifiedverse.com,Password123@,Susanne,Benjamin
ethel.ratcliff@verifiedverse.com,Password123@,Ethel,Ratcliff
ruth.bird@verifiedverse.com,Password123@,Ruth,Bird
thomas.meeks@verifiedverse.com,Password123@,Thomas,Meeks
grant.morrissey@verifiedverse.com,Password123@,Grant,Morrissey
jamison.hardison@verifiedverse.com,Password123@,Jamison,Hardison
clarence.stokes@verifiedverse.com,Password123@,Clarence,Stokes
wilton.sipple@verifiedverse.com,Password123@,Wilton,Sipple
charles.hill@verifiedverse.com,Password123@,Charles,Hill
maria.watford@verifiedverse.com,Password123@,Maria,Watford
james.heffron@verifiedverse.com,Password123@,James,Heffron
james.bernal@verifiedverse.com,Password123@,James,Bernal
joseph.nielson@verifiedverse.com,Password123@,Joseph,Nielson
annie.mora@verifiedverse.com,Password123@,Annie,Mora
randy.seay@verifiedverse.com,Password123@,Randy,Seay
carl.garcia@verifiedverse.com,Password123@,Carl,Garcia
anthony.wilkinson@verifiedverse.com,Password123@,Anthony,Wilkinson
cecilia.crane@verifiedverse.com,Password123@,Cecilia,Crane
elizabeth.mudge@verifiedverse.com,Password123@,Elizabeth,Mudge
simon.knight@verifiedverse.com,Password123@,Simon,Knight
carl.perkins@verifiedverse.com,Password123@,Carl,Perkins
rogelio.shafer@verifiedverse.com,Password123@,Rogelio,Shafer
jean.ryant@verifiedverse.com,Password123@,Jean,Ryant
william.sawyer@verifiedverse.com,Password123@,William,Sawyer
margaret.varney@verifiedverse.com,Password123@,Margaret,Varney
leonore.waller@verifiedverse.com,Password123@,Leonore,Waller
francisco.curtis@verifiedverse.com,Password123@,Francisco,Curtis
lisa.langley@verifiedverse.com,Password123@,Lisa,Langley
kelly.hamilton@verifiedverse.com,Password123@,Kelly,Hamilton
dana.hughes@verifiedverse.com,Password123@,Dana,Hughes
renee.nelson@verifiedverse.com,Password123@,Renee,Nelson
nicholas.covert@verifiedverse.com,Password123@,Nicholas,Covert
tabitha.saucier@verifiedverse.com,Password123@,Tabitha,Saucier
randy.kanagy@verifiedverse.com,Password123@,Randy,Kanagy
thomas.glaude@verifiedverse.com,Password123@,Thomas,Glaude
brandon.ascencio@verifiedverse.com,Password123@,Brandon,Ascencio
john.henley@verifiedverse.com,Password123@,John,Henley
joseph.cotton@verifiedverse.com,Password123@,Joseph,Cotton
robert.medina@verifiedverse.com,Password123@,Robert,Medina
ivan.kelsey@verifiedverse.com,Password123@,Ivan,Kelsey
bruce.collins@verifiedverse.com,Password123@,Bruce,Collins
barbara.phillips@verifiedverse.com,Password123@,Barbara,Phillips
derrick.richter@verifiedverse.com,Password123@,Derrick,Richter
michael.johnson@verifiedverse.com,Password123@,Michael,Johnson
thomas.weed@verifiedverse.com,Password123@,Thomas,Weed
marion.rodriquez@verifiedverse.com,Password123@,Marion,Rodriquez
henry.stafford@verifiedverse.com,Password123@,Henry,Stafford
patrick.nelson@verifiedverse.com,Password123@,Patrick,Nelson
fred.cordero@verifiedverse.com,Password123@,Fred,Cordero
scott.shippee@verifiedverse.com,Password123@,Scott,Shippee
lonnie.balk@verifiedverse.com,Password123@,Lonnie,Balk
donna.meyers@verifiedverse.com,Password123@,Donna,Meyers
alan.rivera@verifiedverse.com,Password123@,Alan,Rivera
helen.chen@verifiedverse.com,Password123@,Helen,Chen
peter.kellar@verifiedverse.com,Password123@,Peter,Kellar
herman.ashley@verifiedverse.com,Password123@,Herman,Ashley
gina.lafon@verifiedverse.com,Password123@,Gina,Lafon
joel.capetillo@verifiedverse.com,Password123@,Joel,Capetillo
denise.wills@verifiedverse.com,Password123@,Denise,Wills
ruth.murry@verifiedverse.com,Password123@,Ruth,Murry
jose.conner@verifiedverse.com,Password123@,Jose,Conner
david.wolf@verifiedverse.com,Password123@,David,Wolf
john.napier@verifiedverse.com,Password123@,John,Napier
odilia.gobeil@verifiedverse.com,Password123@,Odilia,Gobeil
jeffrey.hackworth@verifiedverse.com,Password123@,Jeffrey,Hackworth
james.smith@verifiedverse.com,Password123@,James,Smith
eugene.hartung@verifiedverse.com,Password123@,Eugene,Hartung
jon.zimmerman@verifiedverse.com,Password123@,Jon,Zimmerman
sylvia.allen@verifiedverse.com,Password123@,Sylvia,Allen
brandi.collin@verifiedverse.com,Password123@,Brandi,Collin
camille.roberts@verifiedverse.com,Password123@,Camille,Roberts
nancy.hart@verifiedverse.com,Password123@,Nancy,Hart
barbara.martinez@verifiedverse.com,Password123@,Barbara,Martinez
jane.sykes@verifiedverse.com,Password123@,Jane,Sykes
melissa.graziano@verifiedverse.com,Password123@,Melissa,Graziano
heather.villa@verifiedverse.com,Password123@,Heather,Villa
rhonda.parsley@verifiedverse.com,Password123@,Rhonda,Parsley
mildred.calloway@verifiedverse.com,Password123@,Mildred,Calloway
jamaal.myers@verifiedverse.com,Password123@,Jamaal,Myers
joanne.smith@verifiedverse.com,Password123@,Joanne,Smith
bryan.jones@verifiedverse.com,Password123@,Bryan,Jones
marvin.estes@verifiedverse.com,Password123@,Marvin,Estes
gerald.bowen@verifiedverse.com,Password123@,Gerald,Bowen
perry.smith@verifiedverse.com,Password123@,Perry,Smith
christina.hudspeth@verifiedverse.com,Password123@,Christina,Hudspeth
summer.lowe@verifiedverse.com,Password123@,Summer,Lowe
thomas.harrington@verifiedverse.com,Password123@,Thomas,Harrington
martin.morris@verifiedverse.com,Password123@,Martin,Morris
charles.dehaven@verifiedverse.com,Password123@,Charles,Dehaven
shane.anthony@verifiedverse.com,Password123@,Shane,Anthony
phyllis.fry@verifiedverse.com,Password123@,Phyllis,Fry
frank.rosinski@verifiedverse.com,Password123@,Frank,Rosinski
william.helsel@verifiedverse.com,Password123@,William,Helsel
leon.miller@verifiedverse.com,Password123@,Leon,Miller
susan.harper@verifiedverse.com,Password123@,Susan,Harper
kimberly.lemire@verifiedverse.com,Password123@,Kimberly,Lemire
fredrick.estes@verifiedverse.com,Password123@,Fredrick,Estes
tiffany.dehaven@verifiedverse.com,Password123@,Tiffany,Dehaven
gary.banker@verifiedverse.com,Password123@,Gary,Banker
jorge.gaines@verifiedverse.com,Password123@,Jorge,Gaines
mary.mclaughlin@verifiedverse.com,Password123@,Mary,McLaughlin
julia.goodspeed@verifiedverse.com,Password123@,Julia,Goodspeed
helen.vining@verifiedverse.com,Password123@,Helen,Vining
peggy.bryson@verifiedverse.com,Password123@,Peggy,Bryson
georgia.hampton@verifiedverse.com,Password123@,Georgia,Hampton
craig.lytle@verifiedverse.com,Password123@,Craig,Lytle
james.pierce@verifiedverse.com,Password123@,James,Pierce
william.boyce@verifiedverse.com,Password123@,William,Boyce
jerrie.campbell@verifiedverse.com,Password123@,Jerrie,Campbell
isaac.gutierrez@verifiedverse.com,Password123@,Isaac,Gutierrez
enrique.smith@verifiedverse.com,Password123@,Enrique,Smith
delila.jimenez@verifiedverse.com,Password123@,Delila,Jimenez
ramon.doyle@verifiedverse.com,Password123@,Ramon,Doyle
lorenzo.martinez@verifiedverse.com,Password123@,Lorenzo,Martinez
esperanza.cowell@verifiedverse.com,Password123@,Esperanza,Cowell
roberta.harman@verifiedverse.com,Password123@,Roberta,Harman
paula.miller@verifiedverse.com,Password123@,Paula,Miller
brenda.carter@verifiedverse.com,Password123@,Brenda,Carter
michael.chatman@verifiedverse.com,Password123@,Michael,Chatman
robert.sosa@verifiedverse.com,Password123@,Robert,Sosa
joseph.lewis@verifiedverse.com,Password123@,Joseph,Lewis
phyllis.coleman@verifiedverse.com,Password123@,Phyllis,Coleman
irma.cobbs@verifiedverse.com,Password123@,Irma,Cobbs
brett.edick@verifiedverse.com,Password123@,Brett,Edick
susan.nygaard@verifiedverse.com,Password123@,Susan,Nygaard
isabella.harper@verifiedverse.com,Password123@,Isabella,Harper
paul.fowler@verifiedverse.com,Password123@,Paul,Fowler
dean.fuqua@verifiedverse.com,Password123@,Dean,Fuqua
charlotte.green@verifiedverse.com,Password123@,Charlotte,Green
ashley.yarbrough@verifiedverse.com,Password123@,Ashley,Yarbrough
michael.kennedy@verifiedverse.com,Password123@,Michael,Kennedy
cornell.smith@verifiedverse.com,Password123@,Cornell,Smith
kenneth.toney@verifiedverse.com,Password123@,Kenneth,Toney
sergio.bosworth@verifiedverse.com,Password123@,Sergio,Bosworth
ismael.richardson@verifiedverse.com,Password123@,Ismael,Richardson
kerry.battle@verifiedverse.com,Password123@,Kerry,Battle
roselyn.johnson@verifiedverse.com,Password123@,Roselyn,Johnson
shawn.graziano@verifiedverse.com,Password123@,Shawn,Graziano
troy.jackson@verifiedverse.com,Password123@,Troy,Jackson
ronald.hogan@verifiedverse.com,Password123@,Ronald,Hogan
sarah.lecompte@verifiedverse.com,Password123@,Sarah,Lecompte
robert.torres@verifiedverse.com,Password123@,Robert,Torres
louis.guarino@verifiedverse.com,Password123@,Louis,Guarino
warren.ali@verifiedverse.com,Password123@,Warren,Ali
david.nelsen@verifiedverse.com,Password123@,David,Nelsen
eric.price@verifiedverse.com,Password123@,Eric,Price
robert.jacob@verifiedverse.com,Password123@,Robert,Jacob
patricia.starkweather@verifiedverse.com,Password123@,Patricia,Starkweather
gary.roberts@verifiedverse.com,Password123@,Gary,Roberts
marvin.jarrell@verifiedverse.com,Password123@,Marvin,Jarrell
thelma.kavanaugh@verifiedverse.com,Password123@,Thelma,Kavanaugh
joshua.hendricks@verifiedverse.com,Password123@,Joshua,Hendricks
karen.thompson@verifiedverse.com,Password123@,Karen,Thompson
mark.saenz@verifiedverse.com,Password123@,Mark,Saenz
veronica.hubbard@verifiedverse.com,Password123@,Veronica,Hubbard
james.brooke@verifiedverse.com,Password123@,James,Brooke
ruth.carter@verifiedverse.com,Password123@,Ruth,Carter
kiara.burger@verifiedverse.com,Password123@,Kiara,Burger
robbie.smith@verifiedverse.com,Password123@,Robbie,Smith
janine.morin@verifiedverse.com,Password123@,Janine,Morin
george.morrison@verifiedverse.com,Password123@,George,Morrison
weldon.valverde@verifiedverse.com,Password123@,Weldon,Valverde
willie.bentley@verifiedverse.com,Password123@,Willie,Bentley
christeen.ingram@verifiedverse.com,Password123@,Christeen,Ingram
ralph.santiago@verifiedverse.com,Password123@,Ralph,Santiago
gonzalo.beckett@verifiedverse.com,Password123@,Gonzalo,Beckett
diana.aguinaldo@verifiedverse.com,Password123@,Diana,Aguinaldo
opal.white@verifiedverse.com,Password123@,Opal,White
kenneth.smith@verifiedverse.com,Password123@,Kenneth,Smith
edwin.mayes@verifiedverse.com,Password123@,Edwin,Mayes
boyd.thomas@verifiedverse.com,Password123@,Boyd,Thomas
scott.bracamonte@verifiedverse.com,Password123@,Scott,Bracamonte
rita.schwartz@verifiedverse.com,Password123@,Rita,Schwartz
richard.hall@verifiedverse.com,Password123@,Richard,Hall
dennis.henderson@verifiedverse.com,Password123@,Dennis,Henderson
landon.enyeart@verifiedverse.com,Password123@,Landon,Enyeart
evelyn.hayward@verifiedverse.com,Password123@,Evelyn,Hayward
albert.daly@verifiedverse.com,Password123@,Albert,Daly
mary.bojorquez@verifiedverse.com,Password123@,Mary,Bojorquez
jeremy.herron@verifiedverse.com,Password123@,Jeremy,Herron
patricia.adkins@verifiedverse.com,Password123@,Patricia,Adkins
troy.taylor@verifiedverse.com,Password123@,Troy,Taylor
sam.jones@verifiedverse.com,Password123@,Sam,Jones
alan.combs@verifiedverse.com,Password123@,Alan,Combs
troy.funk@verifiedverse.com,Password123@,Troy,Funk
frederick.foreman@verifiedverse.com,Password123@,Frederick,Foreman
sandra.watkins@verifiedverse.com,Password123@,Sandra,Watkins
ronald.davis@verifiedverse.com,Password123@,Ronald,Davis
andy.summers@verifiedverse.com,Password123@,Andy,Summers
lawrence.hernandez@verifiedverse.com,Password123@,Lawrence,Hernandez
robert.warden@verifiedverse.com,Password123@,Robert,Warden
paul.ford@verifiedverse.com,Password123@,Paul,Ford
donald.taylor@verifiedverse.com,Password123@,Donald,Taylor
linda.kelly@verifiedverse.com,Password123@,Linda,Kelly
kimberly.fulbright@verifiedverse.com,Password123@,Kimberly,Fulbright
mee.wright@verifiedverse.com,Password123@,Mee,Wright
wayne.rita@verifiedverse.com,Password123@,Wayne,Rita
allison.merritt@verifiedverse.com,Password123@,Allison,Merritt
dorothy.young@verifiedverse.com,Password123@,Dorothy,Young
william.stump@verifiedverse.com,Password123@,William,Stump
lisa.wheaton@verifiedverse.com,Password123@,Lisa,Wheaton
nancy.sanchez@verifiedverse.com,Password123@,Nancy,Sanchez
luise.eastman@verifiedverse.com,Password123@,Luise,Eastman
nancy.griffith@verifiedverse.com,Password123@,Nancy,Griffith
dawn.miller@verifiedverse.com,Password123@,Dawn,Miller
barbara.williams@verifiedverse.com,Password123@,Barbara,Williams
lauren.bryant@verifiedverse.com,Password123@,Lauren,Bryant
richard.hurst@verifiedverse.com,Password123@,Richard,Hurst
omar.fletcher@verifiedverse.com,Password123@,Omar,Fletcher
john.teston@verifiedverse.com,Password123@,John,Teston
anthony.russell@verifiedverse.com,Password123@,Anthony,Russell
robert.thorne@verifiedverse.com,Password123@,Robert,Thorne
justin.vega@verifiedverse.com,Password123@,Justin,Vega
glen.gobert@verifiedverse.com,Password123@,Glen,Gobert
linda.brown@verifiedverse.com,Password123@,Linda,Brown
hilda.eubanks@verifiedverse.com,Password123@,Hilda,Eubanks
james.bachman@verifiedverse.com,Password123@,James,Bachman
john.corliss@verifiedverse.com,Password123@,John,Corliss
james.davis@verifiedverse.com,Password123@,James,Davis
carole.cheung@verifiedverse.com,Password123@,Carole,Cheung
thomas.doran@verifiedverse.com,Password123@,Thomas,Doran
ralph.delmonte@verifiedverse.com,Password123@,Ralph,Delmonte
paula.burton@verifiedverse.com,Password123@,Paula,Burton
robin.franks@verifiedverse.com,Password123@,Robin,Franks
maria.graham@verifiedverse.com,Password123@,Maria,Graham
isabel.eckert@verifiedverse.com,Password123@,Isabel,Eckert
david.herman@verifiedverse.com,Password123@,David,Herman
charles.witt@verifiedverse.com,Password123@,Charles,Witt
louis.mickel@verifiedverse.com,Password123@,Louis,Mickel
andria.shockey@verifiedverse.com,Password123@,Andria,Shockey
mark.escobedo@verifiedverse.com,Password123@,Mark,Escobedo
todd.collier@verifiedverse.com,Password123@,Todd,Collier
dario.ritchey@verifiedverse.com,Password123@,Dario,Ritchey
cory.jones@verifiedverse.com,Password123@,Cory,Jones
robert.gibbons@verifiedverse.com,Password123@,Robert,Gibbons
thurman.johnson@verifiedverse.com,Password123@,Thurman,Johnson
julie.metzger@verifiedverse.com,Password123@,Julie,Metzger
ernest.overbay@verifiedverse.com,Password123@,Ernest,Overbay
mary.hornback@verifiedverse.com,Password123@,Mary,Hornback
sergio.thomas@verifiedverse.com,Password123@,Sergio,Thomas
susan.brittain@verifiedverse.com,Password123@,Susan,Brittain
dollie.kern@verifiedverse.com,Password123@,Dollie,Kern
luis.hatcher@verifiedverse.com,Password123@,Luis,Hatcher
glenda.kelly@verifiedverse.com,Password123@,Glenda,Kelly
wilma.hunter@verifiedverse.com,Password123@,Wilma,Hunter
janet.mackey@verifiedverse.com,Password123@,Janet,Mackey
martha.davis@verifiedverse.com,Password123@,Martha,Davis
rachel.ohl@verifiedverse.com,Password123@,Rachel,Ohl
toni.ferguson@verifiedverse.com,Password123@,Toni,Ferguson
bruce.hood@verifiedverse.com,Password123@,Bruce,Hood
luis.mcfall@verifiedverse.com,Password123@,Luis,McFall
jim.juarez@verifiedverse.com,Password123@,Jim,Juarez
christina.hammond@verifiedverse.com,Password123@,Christina,Hammond
kathryn.white@verifiedverse.com,Password123@,Kathryn,White
grace.topete@verifiedverse.com,Password123@,Grace,Topete
robert.weeks@verifiedverse.com,Password123@,Robert,Weeks
kenneth.tolley@verifiedverse.com,Password123@,Kenneth,Tolley
william.johnson@verifiedverse.com,Password123@,William,Johnson
charles.hogan@verifiedverse.com,Password123@,Charles,Hogan
william.larson@verifiedverse.com,Password123@,William,Larson
melva.soto@verifiedverse.com,Password123@,Melva,Soto
wallace.bunch@verifiedverse.com,Password123@,Wallace,Bunch
curtis.colon@verifiedverse.com,Password123@,Curtis,Colon
josephine.lanier@verifiedverse.com,Password123@,Josephine,Lanier
nicole.tait@verifiedverse.com,Password123@,Nicole,Tait
robert.riley@verifiedverse.com,Password123@,Robert,Riley
daphne.jenson@verifiedverse.com,Password123@,Daphne,Jenson
felipe.isom@verifiedverse.com,Password123@,Felipe,Isom
edwin.jordan@verifiedverse.com,Password123@,Edwin,Jordan
lori.howland@verifiedverse.com,Password123@,Lori,Howland
kathryn.cromwell@verifiedverse.com,Password123@,Kathryn,Cromwell
